query,locale,cluster,url,role,priority,difficulty,volume_wordstat,volume_gkp,volume_ahrefs,kd,cpc,current_position,status,note
Купить рации в Ташкенте,ru,home,/,primary,P1,high,,,,,,,this-pr,
Toshkentda ratsiyalar sotib olish,uz-latn,home,/,primary,P1,high,,,,,,,this-pr,
купить рацию,ru,home,/,secondary,P1,high,,,,,,,this-pr,
рации цена,ru,home,/,secondary,P1,high,,,,,,,this-pr,
радиостанции,ru,home,/,secondary,P1,high,,,,,,,this-pr,
рации в Узбекистане,ru,home,/,secondary,P1,high,,,,,,,this-pr,
профессиональные рации,ru,home,/,secondary,P1,high,,,,,,,this-pr,
ratsiya sotib olish,uz-latn,home,/,secondary,P1,high,,,,,,,this-pr,
ratsiya narxi,uz-latn,home,/,secondary,P1,high,,,,,,,this-pr,
radiostansiya,uz-latn,home,/,secondary,P1,high,,,,,,,this-pr,
O'zbekistonda ratsiya,uz-latn,home,/,secondary,P1,high,,,,,,,this-pr,
professional ratsiya,uz-latn,home,/,secondary,P1,high,,,,,,,this-pr,
Motorola,ru,home,/,lsi,P1,high,,,,,,,this-pr,
Radiocom,ru,home,/,lsi,P1,high,,,,,,,this-pr,
цифровые,ru,home,/,lsi,P1,high,,,,,,,this-pr,
DMR,ru,home,/,lsi,P1,high,,,,,,,this-pr,
PMR,ru,home,/,lsi,P1,high,,,,,,,this-pr,
IP67,ru,home,/,lsi,P1,high,,,,,,,this-pr,
дальность,ru,home,/,lsi,P1,high,,,,,,,this-pr,
гарантия,ru,home,/,lsi,P1,high,,,,,,,this-pr,
сервис,ru,home,/,lsi,P1,high,,,,,,,this-pr,
доставка,ru,home,/,lsi,P1,high,,,,,,,this-pr,
бесплатный тест,ru,home,/,lsi,P1,high,,,,,,,this-pr,
Motorola,uz-latn,home,/,lsi,P1,high,,,,,,,this-pr,
Radiocom,uz-latn,home,/,lsi,P1,high,,,,,,,this-pr,
raqamli,uz-latn,home,/,lsi,P1,high,,,,,,,this-pr,
DMR,uz-latn,home,/,lsi,P1,high,,,,,,,this-pr,
IP67,uz-latn,home,/,lsi,P1,high,,,,,,,this-pr,
masofa,uz-latn,home,/,lsi,P1,high,,,,,,,this-pr,
kafolat,uz-latn,home,/,lsi,P1,high,,,,,,,this-pr,
servis,uz-latn,home,/,lsi,P1,high,,,,,,,this-pr,
yetkazib berish,uz-latn,home,/,lsi,P1,high,,,,,,,this-pr,
bepul sinov,uz-latn,home,/,lsi,P1,high,,,,,,,this-pr,
Сколько стоит рация в Ташкенте?,ru,home,/,faq,P1,high,,,,,,,this-pr,
Нужно ли разрешение на рацию?,ru,home,/,faq,P1,high,,,,,,,this-pr,
Какая рация работает дальше всех?,ru,home,/,faq,P1,high,,,,,,,this-pr,
Есть ли доставка по Узбекистану?,ru,home,/,faq,P1,high,,,,,,,this-pr,
Toshkentda ratsiya qancha turadi?,uz-latn,home,/,faq,P1,high,,,,,,,this-pr,
Ratsiya uchun ruxsat kerakmi?,uz-latn,home,/,faq,P1,high,,,,,,,this-pr,
Qaysi ratsiya eng uzoqqa ishlaydi?,uz-latn,home,/,faq,P1,high,,,,,,,this-pr,
O'zbekiston bo'ylab yetkazib berish bormi?,uz-latn,home,/,faq,P1,high,,,,,,,this-pr,
рации Radiocom,ru,radiocom,/radiocom,primary,P1,medium,,,,,,,this-pr,
Radiocom ratsiyalari,uz-latn,radiocom,/radiocom,primary,P1,medium,,,,,,,this-pr,
рации Radiocom цена,ru,radiocom,/radiocom,secondary,P1,medium,,,,,,,this-pr,
цифровые рации Radiocom RCD,ru,radiocom,/radiocom,secondary,P1,medium,,,,,,,this-pr,
аналоговые рации Radiocom RC,ru,radiocom,/radiocom,secondary,P1,medium,,,,,,,this-pr,
Radiocom ratsiya narxi,uz-latn,radiocom,/radiocom,secondary,P1,medium,,,,,,,this-pr,
raqamli Radiocom RCD,uz-latn,radiocom,/radiocom,secondary,P1,medium,,,,,,,this-pr,
analog Radiocom RC,uz-latn,radiocom,/radiocom,secondary,P1,medium,,,,,,,this-pr,
DMR,ru,radiocom,/radiocom,lsi,P1,medium,,,,,,,this-pr,
TDMA,ru,radiocom,/radiocom,lsi,P1,medium,,,,,,,this-pr,
шифрование AES-256,ru,radiocom,/radiocom,lsi,P1,medium,,,,,,,this-pr,
GPS,ru,radiocom,/radiocom,lsi,P1,medium,,,,,,,this-pr,
IP67,ru,radiocom,/radiocom,lsi,P1,medium,,,,,,,this-pr,
IP54,ru,radiocom,/radiocom,lsi,P1,medium,,,,,,,this-pr,
аккумулятор мА,ru,radiocom,/radiocom,lsi,P1,medium,,,,,,,this-pr,
ч,ru,radiocom,/radiocom,lsi,P1,medium,,,,,,,this-pr,
каналы,ru,radiocom,/radiocom,lsi,P1,medium,,,,,,,this-pr,
гарнитура в комплекте,ru,radiocom,/radiocom,lsi,P1,medium,,,,,,,this-pr,
USB-C,ru,radiocom,/radiocom,lsi,P1,medium,,,,,,,this-pr,
DMR,uz-latn,radiocom,/radiocom,lsi,P1,medium,,,,,,,this-pr,
shifrlash,uz-latn,radiocom,/radiocom,lsi,P1,medium,,,,,,,this-pr,
GPS,uz-latn,radiocom,/radiocom,lsi,P1,medium,,,,,,,this-pr,
IP67,uz-latn,radiocom,/radiocom,lsi,P1,medium,,,,,,,this-pr,
akkumulyator,uz-latn,radiocom,/radiocom,lsi,P1,medium,,,,,,,this-pr,
kanallar,uz-latn,radiocom,/radiocom,lsi,P1,medium,,,,,,,this-pr,
quloqchin komplektda,uz-latn,radiocom,/radiocom,lsi,P1,medium,,,,,,,this-pr,
Чем RCD отличается от RC?,ru,radiocom,/radiocom,faq,P1,medium,,,,,,,this-pr,
Совместимы ли рации Radiocom с Motorola?,ru,radiocom,/radiocom,faq,P1,medium,,,,,,,this-pr,
Сколько работает аккумулятор?,ru,radiocom,/radiocom,faq,P1,medium,,,,,,,this-pr,
RCD va RC farqi nima?,uz-latn,radiocom,/radiocom,faq,P1,medium,,,,,,,this-pr,
Radiocom Motorola bilan ishlaydimi?,uz-latn,radiocom,/radiocom,faq,P1,medium,,,,,,,this-pr,
Akkumulyator necha soat ishlaydi?,uz-latn,radiocom,/radiocom,faq,P1,medium,,,,,,,this-pr,
рации Motorola,ru,motorola,/motorola,primary,P1,medium,,,,,,,this-pr,
Motorola ratsiyalari,uz-latn,motorola,/motorola,primary,P1,medium,,,,,,,this-pr,
рации Motorola цена,ru,motorola,/motorola,secondary,P1,medium,,,,,,,this-pr,
рация Моторола купить,ru,motorola,/motorola,secondary,P1,medium,,,,,,,this-pr,
Motorola Talkabout,ru,motorola,/motorola,secondary,P1,medium,,,,,,,this-pr,
безлицензионные рации Motorola,ru,motorola,/motorola,secondary,P1,medium,,,,,,,this-pr,
Motorola ratsiya narxi,uz-latn,motorola,/motorola,secondary,P1,medium,,,,,,,this-pr,
Motorola talkabout,uz-latn,motorola,/motorola,secondary,P1,medium,,,,,,,this-pr,
litsenziyasiz Motorola ratsiya,uz-latn,motorola,/motorola,secondary,P1,medium,,,,,,,this-pr,
PMR446,ru,motorola,/motorola,lsi,P1,medium,,,,,,,this-pr,
T82 Extreme,ru,motorola,/motorola,lsi,P1,medium,,,,,,,this-pr,
T82,ru,motorola,/motorola,lsi,P1,medium,,,,,,,this-pr,
T72,ru,motorola,/motorola,lsi,P1,medium,,,,,,,this-pr,
T62,ru,motorola,/motorola,lsi,P1,medium,,,,,,,this-pr,
T42,ru,motorola,/motorola,lsi,P1,medium,,,,,,,this-pr,
XT420,ru,motorola,/motorola,lsi,P1,medium,,,,,,,this-pr,
XT185,ru,motorola,/motorola,lsi,P1,medium,,,,,,,this-pr,
TLKR T92 H2O,ru,motorola,/motorola,lsi,P1,medium,,,,,,,this-pr,
комплект 2/3/4 рации,ru,motorola,/motorola,lsi,P1,medium,,,,,,,this-pr,
коды конфиденциальности,ru,motorola,/motorola,lsi,P1,medium,,,,,,,this-pr,
IPx4,ru,motorola,/motorola,lsi,P1,medium,,,,,,,this-pr,
IP67,ru,motorola,/motorola,lsi,P1,medium,,,,,,,this-pr,
PMR446,uz-latn,motorola,/motorola,lsi,P1,medium,,,,,,,this-pr,
T82,uz-latn,motorola,/motorola,lsi,P1,medium,,,,,,,this-pr,
XT420,uz-latn,motorola,/motorola,lsi,P1,medium,,,,,,,this-pr,
2 / 3 / 4 talik to'plam,uz-latn,motorola,/motorola,lsi,P1,medium,,,,,,,this-pr,
maxfiylik kodlari,uz-latn,motorola,/motorola,lsi,P1,medium,,,,,,,this-pr,
IP67,uz-latn,motorola,/motorola,lsi,P1,medium,,,,,,,this-pr,
Как отличить оригинальную Motorola от подделки?,ru,motorola,/motorola,faq,P1,medium,,,,,,,this-pr,
Какая Motorola работает дальше всех?,ru,motorola,/motorola,faq,P1,medium,,,,,,,this-pr,
Нужно ли разрешение на Motorola T82?,ru,motorola,/motorola,faq,P1,medium,,,,,,,this-pr,
Original Motorola'ni qanday ajratish mumkin?,uz-latn,motorola,/motorola,faq,P1,medium,,,,,,,this-pr,
Qaysi Motorola eng uzoqqa ishlaydi?,uz-latn,motorola,/motorola,faq,P1,medium,,,,,,,this-pr,
Motorola T82 uchun ruxsat kerakmi?,uz-latn,motorola,/motorola,faq,P1,medium,,,,,,,this-pr,
сравнение раций,ru,compare,/compare,primary,P1,medium,,,,,,,this-pr,
ratsiyalarni solishtirish,uz-latn,compare,/compare,primary,P1,medium,,,,,,,this-pr,
лучшие рации,ru,compare,/compare,secondary,P1,medium,,,,,,,this-pr,
рация дальнего действия,ru,compare,/compare,secondary,P1,medium,,,,,,,this-pr,
Motorola или Radiocom,ru,compare,/compare,secondary,P1,medium,,,,,,,this-pr,
eng yaxshi ratsiya,uz-latn,compare,/compare,secondary,P1,medium,,,,,,,this-pr,
uzoq masofali ratsiya,uz-latn,compare,/compare,secondary,P1,medium,,,,,,,this-pr,
Motorola yoki Radiocom,uz-latn,compare,/compare,secondary,P1,medium,,,,,,,this-pr,
дальность в городе,ru,compare,/compare,lsi,P1,medium,,,,,,,this-pr,
на открытой местности,ru,compare,/compare,lsi,P1,medium,,,,,,,this-pr,
класс защиты,ru,compare,/compare,lsi,P1,medium,,,,,,,this-pr,
ёмкость аккумулятора,ru,compare,/compare,lsi,P1,medium,,,,,,,this-pr,
каналы,ru,compare,/compare,lsi,P1,medium,,,,,,,this-pr,
цена,ru,compare,/compare,lsi,P1,medium,,,,,,,this-pr,
shaharda masofa,uz-latn,compare,/compare,lsi,P1,medium,,,,,,,this-pr,
ochiq joyda,uz-latn,compare,/compare,lsi,P1,medium,,,,,,,this-pr,
himoya klassi,uz-latn,compare,/compare,lsi,P1,medium,,,,,,,this-pr,
akkumulyator sig'imi,uz-latn,compare,/compare,lsi,P1,medium,,,,,,,this-pr,
narx,uz-latn,compare,/compare,lsi,P1,medium,,,,,,,this-pr,
PoC рации,ru,poc,/poc,primary,P1,low,,,,,,,this-pr,
PoC ratsiyalar,uz-latn,poc,/poc,primary,P1,low,,,,,,,this-pr,
рация с SIM-картой,ru,poc,/poc,secondary,P1,low,,,,,,,this-pr,
рация через интернет,ru,poc,/poc,secondary,P1,low,,,,,,,this-pr,
рация без ограничения дальности,ru,poc,/poc,secondary,P1,low,,,,,,,this-pr,
LTE рация,ru,poc,/poc,secondary,P1,low,,,,,,,this-pr,
SIM kartali ratsiya,uz-latn,poc,/poc,secondary,P1,low,,,,,,,this-pr,
internet orqali ishlaydigan ratsiya,uz-latn,poc,/poc,secondary,P1,low,,,,,,,this-pr,
masofasi cheklanmagan ratsiya,uz-latn,poc,/poc,secondary,P1,low,,,,,,,this-pr,
4G ratsiya,uz-latn,poc,/poc,secondary,P1,low,,,,,,,this-pr,
мобильная сеть,ru,poc,/poc,lsi,P1,low,,,,,,,this-pr,
4G/LTE,ru,poc,/poc,lsi,P1,low,,,,,,,this-pr,
Wi-Fi,ru,poc,/poc,lsi,P1,low,,,,,,,this-pr,
GPS-мониторинг,ru,poc,/poc,lsi,P1,low,,,,,,,this-pr,
диспетчер,ru,poc,/poc,lsi,P1,low,,,,,,,this-pr,
групповой вызов,ru,poc,/poc,lsi,P1,low,,,,,,,this-pr,
покрытие Beeline / Ucell / Mobiuz / Uzmobile,ru,poc,/poc,lsi,P1,low,,,,,,,this-pr,
ретранслятор не нужен,ru,poc,/poc,lsi,P1,low,,,,,,,this-pr,
абонентская плата,ru,poc,/poc,lsi,P1,low,,,,,,,this-pr,
mobil tarmoq,uz-latn,poc,/poc,lsi,P1,low,,,,,,,this-pr,
4G,uz-latn,poc,/poc,lsi,P1,low,,,,,,,this-pr,
Wi-Fi,uz-latn,poc,/poc,lsi,P1,low,,,,,,,this-pr,
GPS kuzatuv,uz-latn,poc,/poc,lsi,P1,low,,,,,,,this-pr,
dispetcher,uz-latn,poc,/poc,lsi,P1,low,,,,,,,this-pr,
guruhli qo'ng'iroq,uz-latn,poc,/poc,lsi,P1,low,,,,,,,this-pr,
qamrov,uz-latn,poc,/poc,lsi,P1,low,,,,,,,this-pr,
oylik to'lov,uz-latn,poc,/poc,lsi,P1,low,,,,,,,this-pr,
Сколько стоит обслуживание PoC в месяц?,ru,poc,/poc,faq,P1,low,,,,,,,this-pr,
Работает ли PoC без 4G?,ru,poc,/poc,faq,P1,low,,,,,,,this-pr,
Нужна ли отдельная SIM-карта?,ru,poc,/poc,faq,P1,low,,,,,,,this-pr,
PoC ratsiya oyiga qancha turadi?,uz-latn,poc,/poc,faq,P1,low,,,,,,,this-pr,
4G bo'lmasa ishlaydimi?,uz-latn,poc,/poc,faq,P1,low,,,,,,,this-pr,
Alohida SIM karta kerakmi?,uz-latn,poc,/poc,faq,P1,low,,,,,,,this-pr,
ремонт раций в Ташкенте,ru,service,/service,primary,P1,low,,,,,,,this-pr,
ratsiya ta'mirlash Toshkentda,uz-latn,service,/service,primary,P1,low,,,,,,,this-pr,
ремонт рации Motorola,ru,service,/service,secondary,P1,low,,,,,,,this-pr,
сервисный центр раций,ru,service,/service,secondary,P1,low,,,,,,,this-pr,
ремонт радиостанций,ru,service,/service,secondary,P1,low,,,,,,,this-pr,
программирование и прошивка раций,ru,service,/service,secondary,P1,low,,,,,,,this-pr,
настройка раций,ru,service,/service,secondary,P1,low,,,,,,,this-pr,
цена ремонта рации,ru,service,/service,secondary,P1,low,,,,,,,this-pr,
Motorola ratsiya ta'miri,uz-latn,service,/service,secondary,P1,low,,,,,,,this-pr,
ratsiya servis markazi,uz-latn,service,/service,secondary,P1,low,,,,,,,this-pr,
ratsiyani sozlash,uz-latn,service,/service,secondary,P1,low,,,,,,,this-pr,
ratsiyani dasturlash,uz-latn,service,/service,secondary,P1,low,,,,,,,this-pr,
ta'mir narxi,uz-latn,service,/service,secondary,P1,low,,,,,,,this-pr,
диагностика,ru,service,/service,lsi,P1,low,,,,,,,this-pr,
не включается,ru,service,/service,lsi,P1,low,,,,,,,this-pr,
не заряжается,ru,service,/service,lsi,P1,low,,,,,,,this-pr,
шипит,ru,service,/service,lsi,P1,low,,,,,,,this-pr,
нет связи,ru,service,/service,lsi,P1,low,,,,,,,this-pr,
замена аккумулятора,ru,service,/service,lsi,P1,low,,,,,,,this-pr,
замена антенны,ru,service,/service,lsi,P1,low,,,,,,,this-pr,
Vertex Standard,ru,service,/service,lsi,P1,low,,,,,,,this-pr,
оригинальные запчасти,ru,service,/service,lsi,P1,low,,,,,,,this-pr,
срок ремонта,ru,service,/service,lsi,P1,low,,,,,,,this-pr,
diagnostika,uz-latn,service,/service,lsi,P1,low,,,,,,,this-pr,
yoqilmayapti,uz-latn,service,/service,lsi,P1,low,,,,,,,this-pr,
zaryad olmayapti,uz-latn,service,/service,lsi,P1,low,,,,,,,this-pr,
shovqin,uz-latn,service,/service,lsi,P1,low,,,,,,,this-pr,
aloqa yo'q,uz-latn,service,/service,lsi,P1,low,,,,,,,this-pr,
batareya almashtirish,uz-latn,service,/service,lsi,P1,low,,,,,,,this-pr,
original qismlar,uz-latn,service,/service,lsi,P1,low,,,,,,,this-pr,
Сколько стоит ремонт рации?,ru,service,/service,faq,P1,low,,,,,,,this-pr,
Сколько длится ремонт?,ru,service,/service,faq,P1,low,,,,,,,this-pr,
Ремонтируете ли Baofeng и Kenwood?,ru,service,/service,faq,P1,low,,,,,,,this-pr,
Можно ли спасти утопленную рацию?,ru,service,/service,faq,P1,low,,,,,,,this-pr,
Ratsiya ta'miri qancha turadi?,uz-latn,service,/service,faq,P1,low,,,,,,,this-pr,
Ta'mir qancha vaqt oladi?,uz-latn,service,/service,faq,P1,low,,,,,,,this-pr,
Baofeng ta'mirlaysizmi?,uz-latn,service,/service,faq,P1,low,,,,,,,this-pr,
Suvga tushgan ratsiyani tiklash mumkinmi?,uz-latn,service,/service,faq,P1,low,,,,,,,this-pr,
рации для бизнеса,ru,industries,/industries,primary,P1,low,,,,,,,this-pr,
biznes uchun ratsiyalar,uz-latn,industries,/industries,primary,P1,low,,,,,,,this-pr,
рации для предприятий,ru,industries,/industries,secondary,P1,low,,,,,,,this-pr,
корпоративная радиосвязь,ru,industries,/industries,secondary,P1,low,,,,,,,this-pr,
korxonalar uchun ratsiya,uz-latn,industries,/industries,secondary,P1,low,,,,,,,this-pr,
korporativ radioaloqa,uz-latn,industries,/industries,secondary,P1,low,,,,,,,this-pr,
рация {Бренд Модель},ru,product,/{brand}/{model},primary,P1,medium,,,,,,,this-pr,
{Model} ratsiyasi,uz-latn,product,/{brand}/{model},primary,P1,medium,,,,,,,this-pr,
{Модель} цена,ru,product,/{brand}/{model},secondary,P1,medium,,,,,,,this-pr,
{Модель} купить,ru,product,/{brand}/{model},secondary,P1,medium,,,,,,,this-pr,
{Модель} характеристики,ru,product,/{brand}/{model},secondary,P1,medium,,,,,,,this-pr,
{Модель} инструкция,ru,product,/{brand}/{model},secondary,P1,medium,,,,,,,this-pr,
{Модель} отзывы,ru,product,/{brand}/{model},secondary,P1,medium,,,,,,,this-pr,
{Model} narxi,uz-latn,product,/{brand}/{model},secondary,P1,medium,,,,,,,this-pr,
{Model} sotib olish,uz-latn,product,/{brand}/{model},secondary,P1,medium,,,,,,,this-pr,
{Model} xususiyatlari,uz-latn,product,/{brand}/{model},secondary,P1,medium,,,,,,,this-pr,
{Model} qo'llanma,uz-latn,product,/{brand}/{model},secondary,P1,medium,,,,,,,this-pr,
дальность,ru,product,/{brand}/{model},lsi,P1,medium,,,,,,,this-pr,
класс защиты,ru,product,/{brand}/{model},lsi,P1,medium,,,,,,,this-pr,
аккумулятор,ru,product,/{brand}/{model},lsi,P1,medium,,,,,,,this-pr,
каналы,ru,product,/{brand}/{model},lsi,P1,medium,,,,,,,this-pr,
комплектация,ru,product,/{brand}/{model},lsi,P1,medium,,,,,,,this-pr,
вес,ru,product,/{brand}/{model},lsi,P1,medium,,,,,,,this-pr,
зарядка,ru,product,/{brand}/{model},lsi,P1,medium,,,,,,,this-pr,
masofa,uz-latn,product,/{brand}/{model},lsi,P1,medium,,,,,,,this-pr,
himoya,uz-latn,product,/{brand}/{model},lsi,P1,medium,,,,,,,this-pr,
akkumulyator,uz-latn,product,/{brand}/{model},lsi,P1,medium,,,,,,,this-pr,
kanallar,uz-latn,product,/{brand}/{model},lsi,P1,medium,,,,,,,this-pr,
komplekt,uz-latn,product,/{brand}/{model},lsi,P1,medium,,,,,,,this-pr,
аренда раций в Ташкенте,ru,rent,/rent,primary,P1,low,,,,,,,this-pr,
ratsiya ijarasi Toshkentda,uz-latn,rent,/rent,primary,P1,low,,,,,,,this-pr,
прокат раций,ru,rent,/rent,secondary,P1,low,,,,,,,this-pr,
рации в аренду,ru,rent,/rent,secondary,P1,low,,,,,,,this-pr,
аренда раций на мероприятие,ru,rent,/rent,secondary,P1,low,,,,,,,this-pr,
аренда раций посуточно,ru,rent,/rent,secondary,P1,low,,,,,,,this-pr,
долгосрочная аренда раций,ru,rent,/rent,secondary,P1,low,,,,,,,this-pr,
ratsiyani ijaraga olish,uz-latn,rent,/rent,secondary,P1,low,,,,,,,this-pr,
ratsiya prokat,uz-latn,rent,/rent,secondary,P1,low,,,,,,,this-pr,
tadbir uchun ratsiya ijarasi,uz-latn,rent,/rent,secondary,P1,low,,,,,,,this-pr,
kunlik ratsiya ijarasi,uz-latn,rent,/rent,secondary,P1,low,,,,,,,this-pr,
сутки,ru,rent,/rent,lsi,P1,low,,,,,,,this-pr,
неделя,ru,rent,/rent,lsi,P1,low,,,,,,,this-pr,
месяц,ru,rent,/rent,lsi,P1,low,,,,,,,this-pr,
залог,ru,rent,/rent,lsi,P1,low,,,,,,,this-pr,
доставка,ru,rent,/rent,lsi,P1,low,,,,,,,this-pr,
запасные аккумуляторы,ru,rent,/rent,lsi,P1,low,,,,,,,this-pr,
гарнитуры,ru,rent,/rent,lsi,P1,low,,,,,,,this-pr,
настройка частот,ru,rent,/rent,lsi,P1,low,,,,,,,this-pr,
договор для юрлиц,ru,rent,/rent,lsi,P1,low,,,,,,,this-pr,
kun,uz-latn,rent,/rent,lsi,P1,low,,,,,,,this-pr,
hafta,uz-latn,rent,/rent,lsi,P1,low,,,,,,,this-pr,
oy,uz-latn,rent,/rent,lsi,P1,low,,,,,,,this-pr,
garov,uz-latn,rent,/rent,lsi,P1,low,,,,,,,this-pr,
yetkazib berish,uz-latn,rent,/rent,lsi,P1,low,,,,,,,this-pr,
zaxira akkumulyator,uz-latn,rent,/rent,lsi,P1,low,,,,,,,this-pr,
shartnoma,uz-latn,rent,/rent,lsi,P1,low,,,,,,,this-pr,
Сколько стоит аренда рации в сутки?,ru,rent,/rent,faq,P1,low,,,,,,,this-pr,
Нужен ли залог?,ru,rent,/rent,faq,P1,low,,,,,,,this-pr,
Можно ли арендовать 50+ раций?,ru,rent,/rent,faq,P1,low,,,,,,,this-pr,
Ratsiya ijarasi kuniga qancha?,uz-latn,rent,/rent,faq,P1,low,,,,,,,this-pr,
Garov kerakmi?,uz-latn,rent,/rent,faq,P1,low,,,,,,,this-pr,
50+ ratsiya ijaraga olish mumkinmi?,uz-latn,rent,/rent,faq,P1,low,,,,,,,this-pr,
организация радиосвязи на предприятии,ru,solutions,/solutions,primary,P1,low,,,,,,,this-pr,
korxonada radioaloqa tizimi,uz-latn,solutions,/solutions,primary,P1,low,,,,,,,this-pr,
радиосвязь под ключ,ru,solutions,/solutions,secondary,P1,low,,,,,,,this-pr,
проектирование радиосети,ru,solutions,/solutions,secondary,P1,low,,,,,,,this-pr,
ретранслятор для раций,ru,solutions,/solutions,secondary,P1,low,,,,,,,this-pr,
установка ретранслятора,ru,solutions,/solutions,secondary,P1,low,,,,,,,this-pr,
базовая радиостанция,ru,solutions,/solutions,secondary,P1,low,,,,,,,this-pr,
radioaloqa loyihalash,uz-latn,solutions,/solutions,secondary,P1,low,,,,,,,this-pr,
retranslyator o'rnatish,uz-latn,solutions,/solutions,secondary,P1,low,,,,,,,this-pr,
baza radiostansiyasi,uz-latn,solutions,/solutions,secondary,P1,low,,,,,,,this-pr,
зона покрытия,ru,solutions,/solutions,lsi,P1,low,,,,,,,this-pr,
замер связи,ru,solutions,/solutions,lsi,P1,low,,,,,,,this-pr,
антенна-мачта,ru,solutions,/solutions,lsi,P1,low,,,,,,,this-pr,
частоты,ru,solutions,/solutions,lsi,P1,low,,,,,,,this-pr,
DMR-сеть,ru,solutions,/solutions,lsi,P1,low,,,,,,,this-pr,
диспетчерская,ru,solutions,/solutions,lsi,P1,low,,,,,,,this-pr,
запись переговоров,ru,solutions,/solutions,lsi,P1,low,,,,,,,this-pr,
GPS-мониторинг,ru,solutions,/solutions,lsi,P1,low,,,,,,,this-pr,
qamrov zonasi,uz-latn,solutions,/solutions,lsi,P1,low,,,,,,,this-pr,
aloqani o'lchash,uz-latn,solutions,/solutions,lsi,P1,low,,,,,,,this-pr,
antenna,uz-latn,solutions,/solutions,lsi,P1,low,,,,,,,this-pr,
chastotalar,uz-latn,solutions,/solutions,lsi,P1,low,,,,,,,this-pr,
dispetcherlik,uz-latn,solutions,/solutions,lsi,P1,low,,,,,,,this-pr,
Сколько стоит радиосеть для предприятия?,ru,solutions,/solutions,faq,P1,low,,,,,,,this-pr,
На сколько увеличит дальность ретранслятор?,ru,solutions,/solutions,faq,P1,low,,,,,,,this-pr,
Сколько длится проект?,ru,solutions,/solutions,faq,P1,low,,,,,,,this-pr,
Korxona radiotarmog'i qancha turadi?,uz-latn,solutions,/solutions,faq,P1,low,,,,,,,this-pr,
Retranslyator masofani qancha oshiradi?,uz-latn,solutions,/solutions,faq,P1,low,,,,,,,this-pr,
Loyiha qancha davom etadi?,uz-latn,solutions,/solutions,faq,P1,low,,,,,,,this-pr,
Radiocom адрес и контакты,ru,contacts,/contacts,primary,P1,low,,,,,,,this-pr,
Radiocom manzil va kontaktlar,uz-latn,contacts,/contacts,primary,P1,low,,,,,,,this-pr,
магазин раций Ташкент адрес,ru,contacts,/contacts,secondary,P1,low,,,,,,,this-pr,
сервис раций адрес,ru,contacts,/contacts,secondary,P1,low,,,,,,,this-pr,
Radiocom телефон,ru,contacts,/contacts,secondary,P1,low,,,,,,,this-pr,
ratsiya do'koni manzili,uz-latn,contacts,/contacts,secondary,P1,low,,,,,,,this-pr,
Radiocom telefon,uz-latn,contacts,/contacts,secondary,P1,low,,,,,,,this-pr,
рации для стройки,ru,industry-construction,/industries/construction,primary,P1,low,,,,,,,this-pr,
qurilish uchun ratsiyalar,uz-latn,industry-construction,/industries/construction,primary,P1,low,,,,,,,this-pr,
рации для строительства,ru,industry-construction,/industries/construction,secondary,P1,low,,,,,,,this-pr,
рации для строителей,ru,industry-construction,/industries/construction,secondary,P1,low,,,,,,,this-pr,
рация для крановщика,ru,industry-construction,/industries/construction,secondary,P1,low,,,,,,,this-pr,
рации для прораба,ru,industry-construction,/industries/construction,secondary,P1,low,,,,,,,this-pr,
quruvchilar uchun ratsiya,uz-latn,industry-construction,/industries/construction,secondary,P1,low,,,,,,,this-pr,
kranchi uchun ratsiya,uz-latn,industry-construction,/industries/construction,secondary,P1,low,,,,,,,this-pr,
prorab uchun ratsiya,uz-latn,industry-construction,/industries/construction,secondary,P1,low,,,,,,,this-pr,
IP67,ru,industry-construction,/industries/construction,lsi,P1,low,,,,,,,this-pr,
пыль,ru,industry-construction,/industries/construction,lsi,P1,low,,,,,,,this-pr,
шум площадки,ru,industry-construction,/industries/construction,lsi,P1,low,,,,,,,this-pr,
бетонные перекрытия,ru,industry-construction,/industries/construction,lsi,P1,low,,,,,,,this-pr,
монтажники,ru,industry-construction,/industries/construction,lsi,P1,low,,,,,,,this-pr,
башенный кран,ru,industry-construction,/industries/construction,lsi,P1,low,,,,,,,this-pr,
этажи,ru,industry-construction,/industries/construction,lsi,P1,low,,,,,,,this-pr,
бригада,ru,industry-construction,/industries/construction,lsi,P1,low,,,,,,,this-pr,
ретранслятор,ru,industry-construction,/industries/construction,lsi,P1,low,,,,,,,this-pr,
IP67,uz-latn,industry-construction,/industries/construction,lsi,P1,low,,,,,,,this-pr,
chang,uz-latn,industry-construction,/industries/construction,lsi,P1,low,,,,,,,this-pr,
shovqin,uz-latn,industry-construction,/industries/construction,lsi,P1,low,,,,,,,this-pr,
beton,uz-latn,industry-construction,/industries/construction,lsi,P1,low,,,,,,,this-pr,
kran,uz-latn,industry-construction,/industries/construction,lsi,P1,low,,,,,,,this-pr,
qavatlar,uz-latn,industry-construction,/industries/construction,lsi,P1,low,,,,,,,this-pr,
brigada,uz-latn,industry-construction,/industries/construction,lsi,P1,low,,,,,,,this-pr,
retranslyator,uz-latn,industry-construction,/industries/construction,lsi,P1,low,,,,,,,this-pr,
Какая рация лучше для стройки?,ru,industry-construction,/industries/construction,faq,P1,low,,,,,,,this-pr,
Пробивает ли рация бетонные перекрытия?,ru,industry-construction,/industries/construction,faq,P1,low,,,,,,,this-pr,
Нужен ли ретранслятор на высотке?,ru,industry-construction,/industries/construction,faq,P1,low,,,,,,,this-pr,
Qurilish uchun qaysi ratsiya yaxshi?,uz-latn,industry-construction,/industries/construction,faq,P1,low,,,,,,,this-pr,
Ratsiya beton devordan o'tadimi?,uz-latn,industry-construction,/industries/construction,faq,P1,low,,,,,,,this-pr,
Baland binoda retranslyator kerakmi?,uz-latn,industry-construction,/industries/construction,faq,P1,low,,,,,,,this-pr,
рации для охраны,ru,industry-security,/industries/security,primary,P1,low,,,,,,,this-pr,
qo'riqlash uchun ratsiyalar,uz-latn,industry-security,/industries/security,primary,P1,low,,,,,,,this-pr,
рации для охранников,ru,industry-security,/industries/security,secondary,P1,low,,,,,,,this-pr,
рации для службы безопасности,ru,industry-security,/industries/security,secondary,P1,low,,,,,,,this-pr,
скрытая гарнитура для охраны,ru,industry-security,/industries/security,secondary,P1,low,,,,,,,this-pr,
qo'riqchilar uchun ratsiya,uz-latn,industry-security,/industries/security,secondary,P1,low,,,,,,,this-pr,
xavfsizlik xizmati uchun ratsiya,uz-latn,industry-security,/industries/security,secondary,P1,low,,,,,,,this-pr,
yashirin quloqchin,uz-latn,industry-security,/industries/security,secondary,P1,low,,,,,,,this-pr,
скрытое ношение,ru,industry-security,/industries/security,lsi,P1,low,,,,,,,this-pr,
шифрование,ru,industry-security,/industries/security,lsi,P1,low,,,,,,,this-pr,
обход территории,ru,industry-security,/industries/security,lsi,P1,low,,,,,,,this-pr,
пост охраны,ru,industry-security,/industries/security,lsi,P1,low,,,,,,,this-pr,
работа в одиночку,ru,industry-security,/industries/security,lsi,P1,low,,,,,,,this-pr,
торговый центр,ru,industry-security,/industries/security,lsi,P1,low,,,,,,,this-pr,
банк,ru,industry-security,/industries/security,lsi,P1,low,,,,,,,this-pr,
yashirin taqish,uz-latn,industry-security,/industries/security,lsi,P1,low,,,,,,,this-pr,
shifrlash,uz-latn,industry-security,/industries/security,lsi,P1,low,,,,,,,this-pr,
hududni aylanish,uz-latn,industry-security,/industries/security,lsi,P1,low,,,,,,,this-pr,
post,uz-latn,industry-security,/industries/security,lsi,P1,low,,,,,,,this-pr,
savdo markazi,uz-latn,industry-security,/industries/security,lsi,P1,low,,,,,,,this-pr,
bank,uz-latn,industry-security,/industries/security,lsi,P1,low,,,,,,,this-pr,
Какую гарнитуру выбрать охраннику?,ru,industry-security,/industries/security,faq,P1,low,,,,,,,this-pr,
Можно ли подслушать рацию охраны?,ru,industry-security,/industries/security,faq,P1,low,,,,,,,this-pr,
Есть ли функция «работа в одиночку»?,ru,industry-security,/industries/security,faq,P1,low,,,,,,,this-pr,
Qo'riqchiga qaysi quloqchin kerak?,uz-latn,industry-security,/industries/security,faq,P1,low,,,,,,,this-pr,
Ratsiyani tinglash mumkinmi?,uz-latn,industry-security,/industries/security,faq,P1,low,,,,,,,this-pr,
Yolg'iz ishlash rejimi bormi?,uz-latn,industry-security,/industries/security,faq,P1,low,,,,,,,this-pr,
рации для ресторана,ru,industry-horeca,/industries/horeca,primary,P1,low,,,,,,,this-pr,
restoran uchun ratsiyalar,uz-latn,industry-horeca,/industries/horeca,primary,P1,low,,,,,,,this-pr,
рации для официантов,ru,industry-horeca,/industries/horeca,secondary,P1,low,,,,,,,this-pr,
рации для отеля,ru,industry-horeca,/industries/horeca,secondary,P1,low,,,,,,,this-pr,
рации для гостиницы,ru,industry-horeca,/industries/horeca,secondary,P1,low,,,,,,,this-pr,
рации для кафе,ru,industry-horeca,/industries/horeca,secondary,P1,low,,,,,,,this-pr,
ofitsiantlar uchun ratsiya,uz-latn,industry-horeca,/industries/horeca,secondary,P1,low,,,,,,,this-pr,
mehmonxona uchun ratsiya,uz-latn,industry-horeca,/industries/horeca,secondary,P1,low,,,,,,,this-pr,
kafe uchun ratsiya,uz-latn,industry-horeca,/industries/horeca,secondary,P1,low,,,,,,,this-pr,
зал,ru,industry-horeca,/industries/horeca,lsi,P1,low,,,,,,,this-pr,
кухня,ru,industry-horeca,/industries/horeca,lsi,P1,low,,,,,,,this-pr,
хостес,ru,industry-horeca,/industries/horeca,lsi,P1,low,,,,,,,this-pr,
ресепшн,ru,industry-horeca,/industries/horeca,lsi,P1,low,,,,,,,this-pr,
housekeeping,ru,industry-horeca,/industries/horeca,lsi,P1,low,,,,,,,this-pr,
незаметная гарнитура,ru,industry-horeca,/industries/horeca,lsi,P1,low,,,,,,,this-pr,
компактная рация,ru,industry-horeca,/industries/horeca,lsi,P1,low,,,,,,,this-pr,
XT420,ru,industry-horeca,/industries/horeca,lsi,P1,low,,,,,,,this-pr,
XT185,ru,industry-horeca,/industries/horeca,lsi,P1,low,,,,,,,this-pr,
zal,uz-latn,industry-horeca,/industries/horeca,lsi,P1,low,,,,,,,this-pr,
oshxona,uz-latn,industry-horeca,/industries/horeca,lsi,P1,low,,,,,,,this-pr,
resepshn,uz-latn,industry-horeca,/industries/horeca,lsi,P1,low,,,,,,,this-pr,
ko'rinmas quloqchin,uz-latn,industry-horeca,/industries/horeca,lsi,P1,low,,,,,,,this-pr,
ixcham ratsiya,uz-latn,industry-horeca,/industries/horeca,lsi,P1,low,,,,,,,this-pr,
Какие рации используют в ресторанах?,ru,industry-horeca,/industries/horeca,faq,P1,low,,,,,,,this-pr,
Будут ли гости слышать рации?,ru,industry-horeca,/industries/horeca,faq,P1,low,,,,,,,this-pr,
Хватит ли дальности на весь отель?,ru,industry-horeca,/industries/horeca,faq,P1,low,,,,,,,this-pr,
Restoranlarda qaysi ratsiya ishlatiladi?,uz-latn,industry-horeca,/industries/horeca,faq,P1,low,,,,,,,this-pr,
Mehmonlar eshitadimi?,uz-latn,industry-horeca,/industries/horeca,faq,P1,low,,,,,,,this-pr,
Butun mehmonxonaga yetadimi?,uz-latn,industry-horeca,/industries/horeca,faq,P1,low,,,,,,,this-pr,
рации для производства,ru,industry-manufacturing,/industries/manufacturing,primary,P1,low,,,,,,,this-pr,
ishlab chiqarish uchun ratsiyalar,uz-latn,industry-manufacturing,/industries/manufacturing,primary,P1,low,,,,,,,this-pr,
рации для завода,ru,industry-manufacturing,/industries/manufacturing,secondary,P1,low,,,,,,,this-pr,
рации для склада,ru,industry-manufacturing,/industries/manufacturing,secondary,P1,low,,,,,,,this-pr,
рации для цеха,ru,industry-manufacturing,/industries/manufacturing,secondary,P1,low,,,,,,,this-pr,
zavod uchun ratsiya,uz-latn,industry-manufacturing,/industries/manufacturing,secondary,P1,low,,,,,,,this-pr,
ombor uchun ratsiya,uz-latn,industry-manufacturing,/industries/manufacturing,secondary,P1,low,,,,,,,this-pr,
sex uchun ratsiya,uz-latn,industry-manufacturing,/industries/manufacturing,secondary,P1,low,,,,,,,this-pr,
шум цеха,ru,industry-manufacturing,/industries/manufacturing,lsi,P1,low,,,,,,,this-pr,
металлоконструкции,ru,industry-manufacturing,/industries/manufacturing,lsi,P1,low,,,,,,,this-pr,
смена,ru,industry-manufacturing,/industries/manufacturing,lsi,P1,low,,,,,,,this-pr,
кладовщик,ru,industry-manufacturing,/industries/manufacturing,lsi,P1,low,,,,,,,this-pr,
погрузчик,ru,industry-manufacturing,/industries/manufacturing,lsi,P1,low,,,,,,,this-pr,
гарнитура с шумоподавлением,ru,industry-manufacturing,/industries/manufacturing,lsi,P1,low,,,,,,,this-pr,
sex shovqini,uz-latn,industry-manufacturing,/industries/manufacturing,lsi,P1,low,,,,,,,this-pr,
metall konstruksiya,uz-latn,industry-manufacturing,/industries/manufacturing,lsi,P1,low,,,,,,,this-pr,
smena,uz-latn,industry-manufacturing,/industries/manufacturing,lsi,P1,low,,,,,,,this-pr,
omborchi,uz-latn,industry-manufacturing,/industries/manufacturing,lsi,P1,low,,,,,,,this-pr,
yuklagich,uz-latn,industry-manufacturing,/industries/manufacturing,lsi,P1,low,,,,,,,this-pr,
Работает ли рация в металлическом цехе?,ru,industry-manufacturing,/industries/manufacturing,faq,P1,low,,,,,,,this-pr,
Как слышать рацию в шумном цехе?,ru,industry-manufacturing,/industries/manufacturing,faq,P1,low,,,,,,,this-pr,
Metall sexda ratsiya ishlaydimi?,uz-latn,industry-manufacturing,/industries/manufacturing,faq,P1,low,,,,,,,this-pr,
Shovqinli sexda qanday eshitish mumkin?,uz-latn,industry-manufacturing,/industries/manufacturing,faq,P1,low,,,,,,,this-pr,
рации для логистики,ru,industry-transport,/industries/transport,primary,P2,low,,,,,,,this-pr,
logistika uchun ratsiyalar,uz-latn,industry-transport,/industries/transport,primary,P2,low,,,,,,,this-pr,
рации для водителей,ru,industry-transport,/industries/transport,secondary,P2,low,,,,,,,this-pr,
рации для такси,ru,industry-transport,/industries/transport,secondary,P2,low,,,,,,,this-pr,
рации для диспетчера,ru,industry-transport,/industries/transport,secondary,P2,low,,,,,,,this-pr,
рации для автопарка,ru,industry-transport,/industries/transport,secondary,P2,low,,,,,,,this-pr,
haydovchilar uchun ratsiya,uz-latn,industry-transport,/industries/transport,secondary,P2,low,,,,,,,this-pr,
taksi uchun ratsiya,uz-latn,industry-transport,/industries/transport,secondary,P2,low,,,,,,,this-pr,
dispetcher uchun ratsiya,uz-latn,industry-transport,/industries/transport,secondary,P2,low,,,,,,,this-pr,
терминал,ru,industry-transport,/industries/transport,lsi,P2,low,,,,,,,this-pr,
диспетчерская,ru,industry-transport,/industries/transport,lsi,P2,low,,,,,,,this-pr,
маршрут,ru,industry-transport,/industries/transport,lsi,P2,low,,,,,,,this-pr,
PoC между городами,ru,industry-transport,/industries/transport,lsi,P2,low,,,,,,,this-pr,
GPS,ru,industry-transport,/industries/transport,lsi,P2,low,,,,,,,this-pr,
terminal,uz-latn,industry-transport,/industries/transport,lsi,P2,low,,,,,,,this-pr,
dispetcherlik,uz-latn,industry-transport,/industries/transport,lsi,P2,low,,,,,,,this-pr,
marshrut,uz-latn,industry-transport,/industries/transport,lsi,P2,low,,,,,,,this-pr,
shaharlararo PoC,uz-latn,industry-transport,/industries/transport,lsi,P2,low,,,,,,,this-pr,
GPS,uz-latn,industry-transport,/industries/transport,lsi,P2,low,,,,,,,this-pr,
Какая рация нужна водителю?,ru,industry-transport,/industries/transport,faq,P2,low,,,,,,,this-pr,
Как связаться с водителем в другом городе?,ru,industry-transport,/industries/transport,faq,P2,low,,,,,,,this-pr,
Haydovchiga qaysi ratsiya kerak?,uz-latn,industry-transport,/industries/transport,faq,P2,low,,,,,,,this-pr,
Boshqa shahardagi haydovchi bilan qanday bog'lanish mumkin?,uz-latn,industry-transport,/industries/transport,faq,P2,low,,,,,,,this-pr,
рации для горнодобывающей отрасли,ru,industry-mining,/industries/mining,primary,P2,low,,,,,,,this-pr,
kon sanoati uchun ratsiyalar,uz-latn,industry-mining,/industries/mining,primary,P2,low,,,,,,,this-pr,
рации для нефти и газа,ru,industry-mining,/industries/mining,secondary,P2,low,,,,,,,this-pr,
рации для рудника,ru,industry-mining,/industries/mining,secondary,P2,low,,,,,,,this-pr,
рации для карьера,ru,industry-mining,/industries/mining,secondary,P2,low,,,,,,,this-pr,
рации для месторождения,ru,industry-mining,/industries/mining,secondary,P2,low,,,,,,,this-pr,
neft va gaz uchun ratsiya,uz-latn,industry-mining,/industries/mining,secondary,P2,low,,,,,,,this-pr,
kon uchun ratsiya,uz-latn,industry-mining,/industries/mining,secondary,P2,low,,,,,,,this-pr,
karyer uchun ratsiya,uz-latn,industry-mining,/industries/mining,secondary,P2,low,,,,,,,this-pr,
DMR,ru,industry-mining,/industries/mining,lsi,P2,low,,,,,,,this-pr,
GPS,ru,industry-mining,/industries/mining,lsi,P2,low,,,,,,,this-pr,
IP67,ru,industry-mining,/industries/mining,lsi,P2,low,,,,,,,this-pr,
удалённый объект,ru,industry-mining,/industries/mining,lsi,P2,low,,,,,,,this-pr,
вахта,ru,industry-mining,/industries/mining,lsi,P2,low,,,,,,,this-pr,
ретранслятор,ru,industry-mining,/industries/mining,lsi,P2,low,,,,,,,this-pr,
PoC,ru,industry-mining,/industries/mining,lsi,P2,low,,,,,,,this-pr,
работа в одиночку,ru,industry-mining,/industries/mining,lsi,P2,low,,,,,,,this-pr,
DMR,uz-latn,industry-mining,/industries/mining,lsi,P2,low,,,,,,,this-pr,
GPS,uz-latn,industry-mining,/industries/mining,lsi,P2,low,,,,,,,this-pr,
IP67,uz-latn,industry-mining,/industries/mining,lsi,P2,low,,,,,,,this-pr,
uzoq ob'ekt,uz-latn,industry-mining,/industries/mining,lsi,P2,low,,,,,,,this-pr,
vaxta,uz-latn,industry-mining,/industries/mining,lsi,P2,low,,,,,,,this-pr,
retranslyator,uz-latn,industry-mining,/industries/mining,lsi,P2,low,,,,,,,this-pr,
Как организовать связь на удалённом месторождении?,ru,industry-mining,/industries/mining,faq,P2,low,,,,,,,this-pr,
Что лучше для карьера: DMR или PoC?,ru,industry-mining,/industries/mining,faq,P2,low,,,,,,,this-pr,
Uzoq konda aloqani qanday tashkil qilish?,uz-latn,industry-mining,/industries/mining,faq,P2,low,,,,,,,this-pr,
Karyer uchun DMR yoki PoC?,uz-latn,industry-mining,/industries/mining,faq,P2,low,,,,,,,this-pr,
рации для магазина,ru,industry-retail,/industries/retail,primary,P2,low,,,,,,,not-built:no photography (six crops per industry),
do'kon uchun ratsiyalar,uz-latn,industry-retail,/industries/retail,primary,P2,low,,,,,,,not-built:no photography (six crops per industry),
рации для торгового центра,ru,industry-retail,/industries/retail,secondary,P2,low,,,,,,,not-built:no photography (six crops per industry),
рации для супермаркета,ru,industry-retail,/industries/retail,secondary,P2,low,,,,,,,not-built:no photography (six crops per industry),
рации для персонала,ru,industry-retail,/industries/retail,secondary,P2,low,,,,,,,not-built:no photography (six crops per industry),
savdo markazi uchun ratsiya,uz-latn,industry-retail,/industries/retail,secondary,P2,low,,,,,,,not-built:no photography (six crops per industry),
supermarket uchun ratsiya,uz-latn,industry-retail,/industries/retail,secondary,P2,low,,,,,,,not-built:no photography (six crops per industry),
кассы,ru,industry-retail,/industries/retail,lsi,P2,low,,,,,,,not-built:no photography (six crops per industry),
склад магазина,ru,industry-retail,/industries/retail,lsi,P2,low,,,,,,,not-built:no photography (six crops per industry),
охрана ТЦ,ru,industry-retail,/industries/retail,lsi,P2,low,,,,,,,not-built:no photography (six crops per industry),
этажи,ru,industry-retail,/industries/retail,lsi,P2,low,,,,,,,not-built:no photography (six crops per industry),
мерчендайзеры; client examples: Korzinka,ru,industry-retail,/industries/retail,lsi,P2,low,,,,,,,not-built:no photography (six crops per industry),
Makro,ru,industry-retail,/industries/retail,lsi,P2,low,,,,,,,not-built:no photography (six crops per industry),
Carrefour,ru,industry-retail,/industries/retail,lsi,P2,low,,,,,,,not-built:no photography (six crops per industry),
kassa,uz-latn,industry-retail,/industries/retail,lsi,P2,low,,,,,,,not-built:no photography (six crops per industry),
ombor,uz-latn,industry-retail,/industries/retail,lsi,P2,low,,,,,,,not-built:no photography (six crops per industry),
qo'riqlash,uz-latn,industry-retail,/industries/retail,lsi,P2,low,,,,,,,not-built:no photography (six crops per industry),
qavatlar,uz-latn,industry-retail,/industries/retail,lsi,P2,low,,,,,,,not-built:no photography (six crops per industry),
Сколько раций нужно на супермаркет?,ru,industry-retail,/industries/retail,faq,P2,low,,,,,,,not-built:no photography (six crops per industry),
Какие рации используют в ТЦ?,ru,industry-retail,/industries/retail,faq,P2,low,,,,,,,not-built:no photography (six crops per industry),
Supermarketga nechta ratsiya kerak?,uz-latn,industry-retail,/industries/retail,faq,P2,low,,,,,,,not-built:no photography (six crops per industry),
рации для мероприятий,ru,industry-events,/industries/events,primary,P2,low,,,,,,,not-built:no photography (six crops per industry),
tadbirlar uchun ratsiyalar,uz-latn,industry-events,/industries/events,primary,P2,low,,,,,,,not-built:no photography (six crops per industry),
рации для концертов,ru,industry-events,/industries/events,secondary,P2,low,,,,,,,not-built:no photography (six crops per industry),
рации для съёмок,ru,industry-events,/industries/events,secondary,P2,low,,,,,,,not-built:no photography (six crops per industry),
рации для свадьбы,ru,industry-events,/industries/events,secondary,P2,low,,,,,,,not-built:no photography (six crops per industry),
konsert uchun ratsiya,uz-latn,industry-events,/industries/events,secondary,P2,low,,,,,,,not-built:no photography (six crops per industry),
suratga olish uchun ratsiya,uz-latn,industry-events,/industries/events,secondary,P2,low,,,,,,,not-built:no photography (six crops per industry),
to'y uchun ratsiya,uz-latn,industry-events,/industries/events,secondary,P2,low,,,,,,,not-built:no photography (six crops per industry),
Можно ли взять рации на один день?,ru,industry-events,/industries/events,faq,P2,low,,,,,,,not-built:no photography (six crops per industry),
Bir kunga ratsiya olish mumkinmi?,uz-latn,industry-events,/industries/events,faq,P2,low,,,,,,,not-built:no photography (six crops per industry),
рации для отдыха и туризма,ru,industry-outdoor,/industries/outdoor,primary,P2,low,,,,,,,not-built:no photography (six crops per industry),
dam olish va sayohat uchun ratsiyalar,uz-latn,industry-outdoor,/industries/outdoor,primary,P2,low,,,,,,,not-built:no photography (six crops per industry),
рации для охоты,ru,industry-outdoor,/industries/outdoor,secondary,P2,low,,,,,,,not-built:no photography (six crops per industry),
рации для рыбалки,ru,industry-outdoor,/industries/outdoor,secondary,P2,low,,,,,,,not-built:no photography (six crops per industry),
рации для гор,ru,industry-outdoor,/industries/outdoor,secondary,P2,low,,,,,,,not-built:no photography (six crops per industry),
рации для семьи,ru,industry-outdoor,/industries/outdoor,secondary,P2,low,,,,,,,not-built:no photography (six crops per industry),
детские рации,ru,industry-outdoor,/industries/outdoor,secondary,P2,low,,,,,,,not-built:no photography (six crops per industry),
ov uchun ratsiya,uz-latn,industry-outdoor,/industries/outdoor,secondary,P2,low,,,,,,,not-built:no photography (six crops per industry),
baliq ovi uchun ratsiya,uz-latn,industry-outdoor,/industries/outdoor,secondary,P2,low,,,,,,,not-built:no photography (six crops per industry),
tog' uchun ratsiya,uz-latn,industry-outdoor,/industries/outdoor,secondary,P2,low,,,,,,,not-built:no photography (six crops per industry),
bolalar uchun ratsiya,uz-latn,industry-outdoor,/industries/outdoor,secondary,P2,low,,,,,,,not-built:no photography (six crops per industry),
Чимган,ru,industry-outdoor,/industries/outdoor,lsi,P2,low,,,,,,,not-built:no photography (six crops per industry),
Амирсой,ru,industry-outdoor,/industries/outdoor,lsi,P2,low,,,,,,,not-built:no photography (six crops per industry),
Бельдерсай,ru,industry-outdoor,/industries/outdoor,lsi,P2,low,,,,,,,not-built:no photography (six crops per industry),
походы,ru,industry-outdoor,/industries/outdoor,lsi,P2,low,,,,,,,not-built:no photography (six crops per industry),
автопутешествия,ru,industry-outdoor,/industries/outdoor,lsi,P2,low,,,,,,,not-built:no photography (six crops per industry),
T42,ru,industry-outdoor,/industries/outdoor,lsi,P2,low,,,,,,,not-built:no photography (six crops per industry),
T62,ru,industry-outdoor,/industries/outdoor,lsi,P2,low,,,,,,,not-built:no photography (six crops per industry),
T92 H2O,ru,industry-outdoor,/industries/outdoor,lsi,P2,low,,,,,,,not-built:no photography (six crops per industry),
Chimyon,uz-latn,industry-outdoor,/industries/outdoor,lsi,P2,low,,,,,,,not-built:no photography (six crops per industry),
Amirsoy,uz-latn,industry-outdoor,/industries/outdoor,lsi,P2,low,,,,,,,not-built:no photography (six crops per industry),
Beldersoy,uz-latn,industry-outdoor,/industries/outdoor,lsi,P2,low,,,,,,,not-built:no photography (six crops per industry),
sayohat,uz-latn,industry-outdoor,/industries/outdoor,lsi,P2,low,,,,,,,not-built:no photography (six crops per industry),
Какую рацию взять в горы?,ru,industry-outdoor,/industries/outdoor,faq,P2,low,,,,,,,not-built:no photography (six crops per industry),
Какая рация подойдёт ребёнку?,ru,industry-outdoor,/industries/outdoor,faq,P2,low,,,,,,,not-built:no photography (six crops per industry),
Tog'ga qaysi ratsiya olish kerak?,uz-latn,industry-outdoor,/industries/outdoor,faq,P2,low,,,,,,,not-built:no photography (six crops per industry),
Bolaga qaysi ratsiya mos?,uz-latn,industry-outdoor,/industries/outdoor,faq,P2,low,,,,,,,not-built:no photography (six crops per industry),
как выбрать рацию,ru,answer-how-to-choose,/answers/how-to-choose,primary,P1,very low (uz) / medium (ru),,,,,,,live,links to 
какую рацию выбрать,ru,answer-how-to-choose,/answers/how-to-choose,secondary,P1,very low (uz) / medium (ru),,,,,,,live,
какая рация лучше,ru,answer-how-to-choose,/answers/how-to-choose,secondary,P1,very low (uz) / medium (ru),,,,,,,live,
ratsiyani qanday tanlash kerak,uz-latn,answer-how-to-choose,/answers/how-to-choose,primary,P1,very low (uz) / medium (ru),,,,,,,live,links to 
qaysi ratsiya yaxshi,uz-latn,answer-how-to-choose,/answers/how-to-choose,secondary,P1,very low (uz) / medium (ru),,,,,,,live,
дальность рации,ru,answer-real-range,/answers/real-range,primary,P1,very low (uz) / medium (ru),,,,,,,live,links to 
на сколько км работает рация,ru,answer-real-range,/answers/real-range,secondary,P1,very low (uz) / medium (ru),,,,,,,live,
ratsiya necha km ishlaydi,uz-latn,answer-real-range,/answers/real-range,primary,P1,very low (uz) / medium (ru),,,,,,,live,links to 
ratsiya qancha masofaga ishlaydi,uz-latn,answer-real-range,/answers/real-range,secondary,P1,very low (uz) / medium (ru),,,,,,,live,
аналоговая или цифровая рация,ru,answer-analog-or-digital,/answers/analog-or-digital,primary,P1,very low (uz) / medium (ru),,,,,,,live,links to 
чем цифровая рация лучше,ru,answer-analog-or-digital,/answers/analog-or-digital,secondary,P1,very low (uz) / medium (ru),,,,,,,live,
analog yoki raqamli ratsiya,uz-latn,answer-analog-or-digital,/answers/analog-or-digital,primary,P1,very low (uz) / medium (ru),,,,,,,live,links to 
raqamli ratsiya afzalliklari,uz-latn,answer-analog-or-digital,/answers/analog-or-digital,secondary,P1,very low (uz) / medium (ru),,,,,,,live,
сколько раций нужно,ru,answer-how-many-radios,/answers/how-many-radios,primary,P1,very low (uz) / medium (ru),,,,,,,live,links to 
nechta ratsiya kerak,uz-latn,answer-how-many-radios,/answers/how-many-radios,primary,P1,very low (uz) / medium (ru),,,,,,,live,links to 
сколько стоит рация в Ташкенте,ru,answer-radio-price-tashkent,/answers/radio-price-tashkent,primary,P1,very low (uz) / medium (ru),,,,,,,live,links to 
цены на рации,ru,answer-radio-price-tashkent,/answers/radio-price-tashkent,secondary,P1,very low (uz) / medium (ru),,,,,,,live,
ratsiya qancha turadi,uz-latn,answer-radio-price-tashkent,/answers/radio-price-tashkent,primary,P1,very low (uz) / medium (ru),,,,,,,live,links to 
ratsiya narxi Toshkentda,uz-latn,answer-radio-price-tashkent,/answers/radio-price-tashkent,secondary,P1,very low (uz) / medium (ru),,,,,,,live,
PoC или обычная рация,ru,answer-pmr-or-poc,/answers/pmr-or-poc,primary,P1,very low (uz) / medium (ru),,,,,,,live,links to 
PoC yoki oddiy ratsiya,uz-latn,answer-pmr-or-poc,/answers/pmr-or-poc,primary,P1,very low (uz) / medium (ru),,,,,,,live,links to 
рация сломалась что делать,ru,answer-warranty-and-repair,/answers/warranty-and-repair,primary,P1,very low (uz) / medium (ru),,,,,,,live,links to 
гарантия на рацию,ru,answer-warranty-and-repair,/answers/warranty-and-repair,secondary,P1,very low (uz) / medium (ru),,,,,,,live,
ratsiya buzilsa nima qilish kerak,uz-latn,answer-warranty-and-repair,/answers/warranty-and-repair,primary,P1,very low (uz) / medium (ru),,,,,,,live,links to 
ratsiya kafolati,uz-latn,answer-warranty-and-repair,/answers/warranty-and-repair,secondary,P1,very low (uz) / medium (ru),,,,,,,live,
нужно ли разрешение на рацию,ru,answer-permit,/answers/permit,primary,P2,very low (uz) / medium (ru),,,,,,,not-built:legal — the licence draft waits on the regulator's rule (TODO-LEGAL),links to 
разрешение на рацию в Узбекистане,ru,answer-permit,/answers/permit,secondary,P2,very low (uz) / medium (ru),,,,,,,not-built:legal — the licence draft waits on the regulator's rule (TODO-LEGAL),
ratsiya uchun ruxsat kerakmi,uz-latn,answer-permit,/answers/permit,primary,P2,very low (uz) / medium (ru),,,,,,,not-built:legal — the licence draft waits on the regulator's rule (TODO-LEGAL),links to 
ratsiya ruxsatnomasi,uz-latn,answer-permit,/answers/permit,secondary,P2,very low (uz) / medium (ru),,,,,,,not-built:legal — the licence draft waits on the regulator's rule (TODO-LEGAL),
безлицензионные рации,ru,answer-pmr446,/answers/pmr446,primary,P1,very low (uz) / medium (ru),,,,,,,this-pr,links to 
что такое PMR446,ru,answer-pmr446,/answers/pmr446,secondary,P1,very low (uz) / medium (ru),,,,,,,this-pr,
litsenziyasiz ratsiyalar,uz-latn,answer-pmr446,/answers/pmr446,primary,P1,very low (uz) / medium (ru),,,,,,,this-pr,links to 
PMR446 nima,uz-latn,answer-pmr446,/answers/pmr446,secondary,P1,very low (uz) / medium (ru),,,,,,,this-pr,
Baofeng или Motorola,ru,answer-baofeng-vs-motorola,/answers/baofeng-vs-motorola,primary,P2,very low (uz) / medium (ru),,,,,,,not-built:later — the map's cadence is 2–4 articles a month,links to 
что лучше Baofeng или Motorola,ru,answer-baofeng-vs-motorola,/answers/baofeng-vs-motorola,secondary,P2,very low (uz) / medium (ru),,,,,,,not-built:later — the map's cadence is 2–4 articles a month,
Baofeng yoki Motorola,uz-latn,answer-baofeng-vs-motorola,/answers/baofeng-vs-motorola,primary,P2,very low (uz) / medium (ru),,,,,,,not-built:later — the map's cadence is 2–4 articles a month,links to 
qaysi biri yaxshi,uz-latn,answer-baofeng-vs-motorola,/answers/baofeng-vs-motorola,secondary,P2,very low (uz) / medium (ru),,,,,,,not-built:later — the map's cadence is 2–4 articles a month,
как настроить рации на один канал,ru,answer-one-channel,/answers/one-channel,primary,P2,very low (uz) / medium (ru),,,,,,,not-built:later — the map's cadence is 2–4 articles a month,links to 
как настроить рацию,ru,answer-one-channel,/answers/one-channel,secondary,P2,very low (uz) / medium (ru),,,,,,,not-built:later — the map's cadence is 2–4 articles a month,
ratsiyalarni bitta kanalga sozlash,uz-latn,answer-one-channel,/answers/one-channel,primary,P2,very low (uz) / medium (ru),,,,,,,not-built:later — the map's cadence is 2–4 articles a month,links to 
ratsiyani sozlash,uz-latn,answer-one-channel,/answers/one-channel,secondary,P2,very low (uz) / medium (ru),,,,,,,not-built:later — the map's cadence is 2–4 articles a month,
инструкция Motorola T82,ru,answer-t82-manual,/answers/t82-manual,primary,P2,very low (uz) / medium (ru),,,,,,,not-built:later — the map's cadence is 2–4 articles a month,links to 
Motorola T82 как пользоваться,ru,answer-t82-manual,/answers/t82-manual,secondary,P2,very low (uz) / medium (ru),,,,,,,not-built:later — the map's cadence is 2–4 articles a month,
Motorola T82 qo'llanma,uz-latn,answer-t82-manual,/answers/t82-manual,primary,P2,very low (uz) / medium (ru),,,,,,,not-built:later — the map's cadence is 2–4 articles a month,links to 
коды конфиденциальности рации,ru,answer-privacy-codes,/answers/privacy-codes,primary,P2,very low (uz) / medium (ru),,,,,,,not-built:later — the map's cadence is 2–4 articles a month,links to 
CTCSS DCS коды,ru,answer-privacy-codes,/answers/privacy-codes,secondary,P2,very low (uz) / medium (ru),,,,,,,not-built:later — the map's cadence is 2–4 articles a month,
ratsiya maxfiylik kodlari,uz-latn,answer-privacy-codes,/answers/privacy-codes,primary,P2,very low (uz) / medium (ru),,,,,,,not-built:later — the map's cadence is 2–4 articles a month,links to 
как пользоваться рацией,ru,answer-how-to-use,/answers/how-to-use,primary,P2,very low (uz) / medium (ru),,,,,,,not-built:later — the map's cadence is 2–4 articles a month,links to 
правила радиообмена,ru,answer-how-to-use,/answers/how-to-use,secondary,P2,very low (uz) / medium (ru),,,,,,,not-built:later — the map's cadence is 2–4 articles a month,
ratsiyadan qanday foydalanish,uz-latn,answer-how-to-use,/answers/how-to-use,primary,P2,very low (uz) / medium (ru),,,,,,,not-built:later — the map's cadence is 2–4 articles a month,links to 
сколько работает аккумулятор рации,ru,answer-battery-life,/answers/battery-life,primary,P2,very low (uz) / medium (ru),,,,,,,not-built:later — the map's cadence is 2–4 articles a month,links to 
как продлить работу аккумулятора,ru,answer-battery-life,/answers/battery-life,secondary,P2,very low (uz) / medium (ru),,,,,,,not-built:later — the map's cadence is 2–4 articles a month,
ratsiya batareyasi necha soat ishlaydi,uz-latn,answer-battery-life,/answers/battery-life,primary,P2,very low (uz) / medium (ru),,,,,,,not-built:later — the map's cadence is 2–4 articles a month,links to 
рация не работает,ru,answer-not-working,/answers/not-working,primary,P2,very low (uz) / medium (ru),,,,,,,not-built:later — the map's cadence is 2–4 articles a month,links to 
рация шипит,ru,answer-not-working,/answers/not-working,secondary,P2,very low (uz) / medium (ru),,,,,,,not-built:later — the map's cadence is 2–4 articles a month,
ratsiya ishlamayapti,uz-latn,answer-not-working,/answers/not-working,primary,P2,very low (uz) / medium (ru),,,,,,,not-built:later — the map's cadence is 2–4 articles a month,links to 
ratsiya shovqin qilyapti,uz-latn,answer-not-working,/answers/not-working,secondary,P2,very low (uz) / medium (ru),,,,,,,not-built:later — the map's cadence is 2–4 articles a month,
как увеличить дальность рации,ru,answer-increase-range,/answers/increase-range,primary,P2,very low (uz) / medium (ru),,,,,,,not-built:later — the map's cadence is 2–4 articles a month,links to 
ratsiya masofasini oshirish,uz-latn,answer-increase-range,/answers/increase-range,primary,P2,very low (uz) / medium (ru),,,,,,,not-built:later — the map's cadence is 2–4 articles a month,links to 
что такое DMR,ru,answer-what-is-dmr,/answers/what-is-dmr,primary,P1,very low (uz) / medium (ru),,,,,,,this-pr,links to 
DMR nima,uz-latn,answer-what-is-dmr,/answers/what-is-dmr,primary,P1,very low (uz) / medium (ru),,,,,,,this-pr,links to 
что значит IP67 у рации,ru,answer-ip67,/answers/ip67,primary,P1,very low (uz) / medium (ru),,,,,,,this-pr,links to 
водонепроницаемая рация,ru,answer-ip67,/answers/ip67,secondary,P1,very low (uz) / medium (ru),,,,,,,this-pr,
IP67 nima degani,uz-latn,answer-ip67,/answers/ip67,primary,P1,very low (uz) / medium (ru),,,,,,,this-pr,links to 
suv o'tkazmaydigan ratsiya,uz-latn,answer-ip67,/answers/ip67,secondary,P1,very low (uz) / medium (ru),,,,,,,this-pr,
рация или телефон для персонала,ru,answer-radio-vs-phone,/answers/radio-vs-phone,primary,P2,very low (uz) / medium (ru),,,,,,,not-built:later — the map's cadence is 2–4 articles a month,links to 
ratsiya yoki telefon,uz-latn,answer-radio-vs-phone,/answers/radio-vs-phone,primary,P2,very low (uz) / medium (ru),,,,,,,not-built:later — the map's cadence is 2–4 articles a month,links to 
рация на телефон или PoC,ru,answer-zello-vs-poc,/answers/zello-vs-poc,primary,P2,very low (uz) / medium (ru),,,,,,,not-built:later — the map's cadence is 2–4 articles a month,links to 
Zello,ru,answer-zello-vs-poc,/answers/zello-vs-poc,secondary,P2,very low (uz) / medium (ru),,,,,,,not-built:later — the map's cadence is 2–4 articles a month,
telefon uchun ratsiya,uz-latn,answer-zello-vs-poc,/answers/zello-vs-poc,primary,P2,very low (uz) / medium (ru),,,,,,,not-built:later — the map's cadence is 2–4 articles a month,links to 
аксессуары для раций,ru,accessories,/accessories,primary,P1,medium,,,,,,,not-built:the site has no accessories range or data (owner question),
ratsiya aksessuarlari,uz-latn,accessories,/accessories,primary,P1,medium,,,,,,,not-built:the site has no accessories range or data (owner question),
купить аксессуары для раций,ru,accessories,/accessories,secondary,P1,medium,,,,,,,not-built:the site has no accessories range or data (owner question),
ratsiya ehtiyot qismlari,uz-latn,accessories,/accessories,secondary,P1,medium,,,,,,,not-built:the site has no accessories range or data (owner question),
гарнитура для рации,ru,accessories,/accessories/headsets,primary,P1,medium,,,,,,,not-built:the site has no accessories range or data (owner question),
ratsiya uchun quloqchin,uz-latn,accessories,/accessories/headsets,primary,P1,medium,,,,,,,not-built:the site has no accessories range or data (owner question),
наушники для рации,ru,accessories,/accessories/headsets,secondary,P1,medium,,,,,,,not-built:the site has no accessories range or data (owner question),
скрытая гарнитура,ru,accessories,/accessories/headsets,secondary,P1,medium,,,,,,,not-built:the site has no accessories range or data (owner question),
гарнитура для Motorola,ru,accessories,/accessories/headsets,secondary,P1,medium,,,,,,,not-built:the site has no accessories range or data (owner question),
ratsiya naushnik,uz-latn,accessories,/accessories/headsets,secondary,P1,medium,,,,,,,not-built:the site has no accessories range or data (owner question),
yashirin quloqchin,uz-latn,accessories,/accessories/headsets,secondary,P1,medium,,,,,,,not-built:the site has no accessories range or data (owner question),
аккумулятор для рации,ru,accessories,/accessories/batteries,primary,P1,medium,,,,,,,not-built:the site has no accessories range or data (owner question),
ratsiya akkumulyatori,uz-latn,accessories,/accessories/batteries,primary,P1,medium,,,,,,,not-built:the site has no accessories range or data (owner question),
аккумулятор для Motorola T82,ru,accessories,/accessories/batteries,secondary,P1,medium,,,,,,,not-built:the site has no accessories range or data (owner question),
батарея для рации,ru,accessories,/accessories/batteries,secondary,P1,medium,,,,,,,not-built:the site has no accessories range or data (owner question),
ratsiya batareyasi,uz-latn,accessories,/accessories/batteries,secondary,P1,medium,,,,,,,not-built:the site has no accessories range or data (owner question),
зарядное устройство для рации,ru,accessories,/accessories/chargers,primary,P1,medium,,,,,,,not-built:the site has no accessories range or data (owner question),
ratsiya zaryadkasi,uz-latn,accessories,/accessories/chargers,primary,P1,medium,,,,,,,not-built:the site has no accessories range or data (owner question),
зарядный стакан,ru,accessories,/accessories/chargers,secondary,P1,medium,,,,,,,not-built:the site has no accessories range or data (owner question),
зарядка для рации Motorola,ru,accessories,/accessories/chargers,secondary,P1,medium,,,,,,,not-built:the site has no accessories range or data (owner question),
zaryadlovchi qurilma,uz-latn,accessories,/accessories/chargers,secondary,P1,medium,,,,,,,not-built:the site has no accessories range or data (owner question),
антенна для рации,ru,accessories,/accessories/antennas,primary,P1,medium,,,,,,,not-built:the site has no accessories range or data (owner question),
ratsiya antennasi,uz-latn,accessories,/accessories/antennas,primary,P1,medium,,,,,,,not-built:the site has no accessories range or data (owner question),
антенна для увеличения дальности,ru,accessories,/accessories/antennas,secondary,P1,medium,,,,,,,not-built:the site has no accessories range or data (owner question),
uzoq masofa antennasi,uz-latn,accessories,/accessories/antennas,secondary,P1,medium,,,,,,,not-built:the site has no accessories range or data (owner question),
цифровые рации DMR,ru,digital,/digital,primary,P2,,,,,,,,not-built:P2 — /compare and /radiocom carry the DMR queries for now,"Secondary: dmr рация, рация с шифрованием."
raqamli DMR ratsiyalar,uz-latn,digital,/digital,primary,P2,,,,,,,,not-built:P2 — /compare and /radiocom carry the DMR queries for now,
рации дальнего действия,ru,long-range,/long-range,primary,P2,,,,,,,,not-built:P2 — /compare carries «рации дальнего действия» for now,"Secondary: рация 10 км, мощная рация. Then remove this H2 from /compare."
uzoq masofali ratsiyalar,uz-latn,long-range,/long-range,primary,P2,,,,,,,,not-built:P2 — /compare carries «рации дальнего действия» for now,
разрешение на радиочастоты,ru,frequencies,/frequencies,primary,P2,,,,,,,,not-built:legal — waits on the regulator's rule,Service page. Pairs with the permit article.
radiochastota ruxsatnomasi,uz-latn,frequencies,/frequencies,primary,P2,,,,,,,,not-built:legal — waits on the regulator's rule,
компания Radiocom,ru,about,/about,primary,P2,low,,,,,,,this-pr,"14 years, team, certificates, clients."
Radiocom kompaniyasi,uz-latn,about,/about,primary,P2,low,,,,,,,this-pr,
рации с доставкой по Узбекистану,ru,delivery,/delivery,primary,P2,,,,,,,,not-built:no per-city delivery facts,"Add city sections for Navoi, Almalyk, Karshi, Samarkand, Bukhara and the Fergana valley."
ratsiya yetkazib berish O'zbekiston bo'ylab,uz-latn,delivery,/delivery,primary,P2,,,,,,,,not-built:no per-city delivery facts,
рации для {отрасль} — кейс {клиент},ru,cases,/cases/{client},primary,P2,,,,,,,,not-built:no case studies on record,Long-tail traffic plus trust signals.
{soha} uchun ratsiya — {mijoz},uz-latn,cases,/cases/{client},primary,P2,,,,,,,,not-built:no case studies on record,
обмен старой рации на новую,ru,trade-in,/trade-in,primary,P3,,,,,,,,not-built:P3,
eski ratsiyani almashtirish,uz-latn,trade-in,/trade-in,primary,P3,,,,,,,,not-built:P3,
автомобильная рация,ru,mobile-radios,/mobile-radios,primary,P3,,,,,,,,"not-built:P3, not sold",Only if you sell them.
avtomobil ratsiyasi,uz-latn,mobile-radios,/mobile-radios,primary,P3,,,,,,,,"not-built:P3, not sold",
рации Hytera,ru,hytera,/hytera · /kenwood,primary,P3,,,,,,,,"not-built:P3, not sold",Only if you sell them.
Hytera ratsiyalari,uz-latn,hytera,/hytera · /kenwood,primary,P3,,,,,,,,"not-built:P3, not sold",
